"Date","LeBron James"
2015-07-01,18390
2015-07-02,17245
2015-07-03,15000
2015-07-04,14276
2015-07-05,13627
2015-07-06,14626
2015-07-07,15653
2015-07-08,14140
2015-07-09,17249
2015-07-10,14495
2015-07-11,11838
2015-07-12,10896
2015-07-13,11558
2015-07-14,10566
2015-07-15,16569
2015-07-16,20109
2015-07-17,12700
2015-07-18,11846
2015-07-19,11885
2015-07-20,11777
2015-07-21,11998
2015-07-22,12669
2015-07-23,14879
2015-07-24,12358
2015-07-25,10348
2015-07-26,10046
2015-07-27,9995
2015-07-28,9190
2015-07-29,10114
2015-07-30,9104
2015-07-31,9471
2015-08-01,10241
2015-08-02,11371
2015-08-03,8710
2015-08-04,9283
2015-08-05,8793
2015-08-06,14233
2015-08-07,15776
2015-08-08,8243
2015-08-09,8736
2015-08-10,9450
2015-08-11,9598
2015-08-12,9306
2015-08-13,9928
2015-08-14,12240
2015-08-15,12413
2015-08-16,9942
2015-08-17,8923
2015-08-18,8895
2015-08-19,9347
2015-08-20,10283
2015-08-21,9410
2015-08-22,8409
2015-08-23,9603
2015-08-24,8434
2015-08-25,8013
2015-08-26,7802
2015-08-27,8442
2015-08-28,8428
2015-08-29,7251
2015-08-30,7917
2015-08-31,7342
2015-09-01,6950
2015-09-02,7331
2015-09-03,9136
2015-09-04,7642
2015-09-05,7876
2015-09-06,8407
2015-09-07,7256
2015-09-08,9747
2015-09-09,7761
2015-09-10,7639
2015-09-11,7402
2015-09-12,6777
2015-09-13,7855
2015-09-14,8700
2015-09-15,7777
2015-09-16,6960
2015-09-17,7848
2015-09-18,7559
2015-09-19,6309
2015-09-20,6715
2015-09-21,7021
2015-09-22,6892
2015-09-23,105764
2015-09-24,8555
2015-09-25,8852
2015-09-26,7568
2015-09-27,8301
2015-09-28,8485
2015-09-29,9199
2015-09-30,8481
2015-10-01,10447
2015-10-02,9259
2015-10-03,7826
2015-10-04,8058
2015-10-05,8277
2015-10-06,8617
2015-10-07,9051
2015-10-08,9323
2015-10-09,8165
2015-10-10,7095
2015-10-11,7862
2015-10-12,7554
2015-10-13,8476
2015-10-14,9074
2015-10-15,8713
2015-10-16,9908
2015-10-17,7900
2015-10-18,8097
2015-10-19,8311
2015-10-20,8358
2015-10-21,9302
2015-10-22,10638
2015-10-23,9432
2015-10-24,14408
2015-10-25,30806
2015-10-26,20321
2015-10-27,13925
2015-10-28,18433
2015-10-29,15919
2015-10-30,14447
2015-10-31,13294
2015-11-01,11309
2015-11-02,11188
2015-11-03,23002
2015-11-04,14015
2015-11-05,18478
2015-11-06,12243
2015-11-07,12959
2015-11-08,12234
2015-11-09,11473
2015-11-10,10872
2015-11-11,14194
2015-11-12,13407
2015-11-13,13190
2015-11-14,16017
2015-11-15,15548
2015-11-16,11172
2015-11-17,10935
2015-11-18,14621
2015-11-19,11421
2015-11-20,14348
2015-11-21,13352
2015-11-22,13941
2015-11-23,11637
2015-11-24,13844
2015-11-25,13130
2015-11-26,14092
2015-11-27,10565
2015-11-28,15292
2015-11-29,13574
2015-11-30,28525
2015-12-01,21280
2015-12-02,21607
2015-12-03,18046
2015-12-04,15306
2015-12-05,18927
2015-12-06,18246
2015-12-07,16264
2015-12-08,22109
2015-12-09,18320
2015-12-10,14222
2015-12-11,13158
2015-12-12,14949
2015-12-13,13833
2015-12-14,11821
2015-12-15,11102
2015-12-16,14787
2015-12-17,13478
2015-12-18,25767
2015-12-19,15959
2015-12-20,13016
2015-12-21,11346
2015-12-22,12185
2015-12-23,11653
2015-12-24,17545
2015-12-25,28653
2015-12-26,33568
2015-12-27,16174
2015-12-28,13037
2015-12-29,18278
2015-12-30,24462
2015-12-31,15875
2016-01-01,12880
2016-01-02,15529
2016-01-03,15545
2016-01-04,11629
2016-01-05,12847
2016-01-06,13137
2016-01-07,14826
2016-01-08,13664
2016-01-09,15534
2016-01-10,11983
2016-01-11,12849
2016-01-12,11979
2016-01-13,13160
2016-01-14,12768
2016-01-15,17395
2016-01-16,15207
2016-01-17,12802
2016-01-18,12493
2016-01-19,20935
2016-01-20,13659
2016-01-21,14421
2016-01-22,21253
2016-01-23,19922
2016-01-24,22205
2016-01-25,15050
2016-01-26,17320
2016-01-27,15165
2016-01-28,15614
2016-01-29,13976
2016-01-30,17718
2016-01-31,19796
2016-02-01,13919
2016-02-02,15374
2016-02-03,13136
2016-02-04,17842
2016-02-05,12976
2016-02-06,12956
2016-02-07,14659
2016-02-08,13382
2016-02-09,13678
2016-02-10,17296
2016-02-11,27318
2016-02-12,16671
2016-02-13,15032
2016-02-14,16555
2016-02-15,36324
2016-02-16,15869
2016-02-17,13511
2016-02-18,13797
2016-02-19,15310
2016-02-20,11727
2016-02-21,16729
2016-02-22,18154
2016-02-23,14139
2016-02-24,12221
2016-02-25,13538
2016-02-26,13615
2016-02-27,14099
2016-02-28,18733
2016-02-29,13758
2016-03-01,14052
2016-03-02,12780
2016-03-03,12126
2016-03-04,13322
2016-03-05,13963
2016-03-06,16279
2016-03-07,11711
2016-03-08,13955
2016-03-09,10728
2016-03-10,13910
2016-03-11,20296
2016-03-12,11176
2016-03-13,15009
2016-03-14,14002
2016-03-15,14893
2016-03-16,11614
2016-03-17,11455
2016-03-18,9923
2016-03-19,10367
2016-03-20,13485
2016-03-21,10289
2016-03-22,12985
2016-03-23,13076
2016-03-24,15943
2016-03-25,14341
2016-03-26,11302
2016-03-27,12966
2016-03-28,12621
2016-03-29,12387
2016-03-30,12836
2016-03-31,12385
2016-04-01,15806
2016-04-02,18951
2016-04-03,15535
2016-04-04,14229
2016-04-05,14324
2016-04-06,13842
2016-04-07,11663
2016-04-08,14409
2016-04-09,13412
2016-04-10,16900
2016-04-11,16476
2016-04-12,18619
2016-04-13,23570
2016-04-14,56649
2016-04-15,25772
2016-04-16,20309
2016-04-17,29048
2016-04-18,21942
2016-04-19,17286
2016-04-20,15766
2016-04-21,22093
2016-04-22,15062
2016-04-23,16918
2016-04-24,14389
2016-04-25,22704
2016-04-26,14785
2016-04-27,12789
2016-04-28,13764
2016-04-29,10669
2016-04-30,11684
2016-05-01,14087
2016-05-02,16993
2016-05-03,26080
2016-05-04,17392
2016-05-05,22325
2016-05-06,14731
2016-05-07,20399
2016-05-08,23493
2016-05-09,22126
2016-05-10,30343
2016-05-11,25910
2016-05-12,27566
2016-05-13,22746
2016-05-14,24270
2016-05-15,25873
2016-05-16,22557
2016-05-17,29340
2016-05-18,64640
2016-05-19,40217
2016-05-20,64823
2016-05-21,24400
2016-05-22,37260
2016-05-23,22438
2016-05-24,35952
2016-05-25,23958
2016-05-26,40370
2016-05-27,26629
2016-05-28,106074
2016-05-29,42960
2016-05-30,27160
2016-05-31,70582
2016-06-01,41067
2016-06-02,56087
2016-06-03,107811
2016-06-04,27211
2016-06-05,29222
2016-06-06,99396
2016-06-07,32077
2016-06-08,30499
2016-06-09,87637
2016-06-10,27749
2016-06-11,101267
2016-06-12,34506
2016-06-13,34200
2016-06-14,109040
2016-06-15,30274
2016-06-16,29901
2016-06-17,188195
2016-06-18,59556
2016-06-19,72448
2016-06-20,1129366
2016-06-21,224850
2016-06-22,128620
2016-06-23,96121
2016-06-24,68798
2016-06-25,43856
2016-06-26,39685
2016-06-27,34334
2016-06-28,31492
2016-06-29,35657
2016-06-30,28429
2016-07-01,30016
2016-07-02,25475
2016-07-03,25062
2016-07-04,48978
2016-07-05,45710
2016-07-06,32945
2016-07-07,37920
2016-07-08,26944
2016-07-09,25497
2016-07-10,21804
2016-07-11,24315
2016-07-12,21576
2016-07-13,20190
2016-07-14,28183
2016-07-15,17605
2016-07-16,16026
2016-07-17,16677
2016-07-18,16768
2016-07-19,15415
2016-07-20,13947
2016-07-21,14466
2016-07-22,13958
2016-07-23,15877
2016-07-24,14949
2016-07-25,14652
2016-07-26,13650
2016-07-27,14005
2016-07-28,13248
2016-07-29,12722
2016-07-30,12963
2016-07-31,12614
2016-08-01,12471
2016-08-02,15860
2016-08-03,14911
2016-08-04,12723
2016-08-05,12276
2016-08-06,15896
2016-08-07,14541
2016-08-08,15504
2016-08-09,13972
2016-08-10,15686
2016-08-11,17516
2016-08-12,20682
2016-08-13,13402
2016-08-14,12449
2016-08-15,11799
2016-08-16,9884
2016-08-17,12992
2016-08-18,16810
2016-08-19,14164
2016-08-20,11691
2016-08-21,21603
2016-08-22,15364
2016-08-23,12124
2016-08-24,11040
2016-08-25,10403
2016-08-26,9851
2016-08-27,9794
2016-08-28,9760
2016-08-29,9589
2016-08-30,9413
2016-08-31,9480
2016-09-01,9867
2016-09-02,8794
2016-09-03,9095
2016-09-04,9430
2016-09-05,9904
2016-09-06,8920
2016-09-07,12768
2016-09-08,11486
2016-09-09,11716
2016-09-10,11326
2016-09-11,9727
2016-09-12,9084
2016-09-13,9174
2016-09-14,9664
2016-09-15,9420
2016-09-16,9253
2016-09-17,8905
2016-09-18,9776
2016-09-19,9513
2016-09-20,9132
2016-09-21,8735
2016-09-22,9125
2016-09-23,9502
2016-09-24,10588
2016-09-25,9588
2016-09-26,10832
2016-09-27,11247
2016-09-28,14152
2016-09-29,12195
2016-09-30,10084
2016-10-01,9643
2016-10-02,9584
2016-10-03,13279
2016-10-04,10783
2016-10-05,10659
2016-10-06,12670
2016-10-07,13419
2016-10-08,9878
2016-10-09,9726
2016-10-10,8890
2016-10-11,9522
2016-10-12,9896
2016-10-13,10778
2016-10-14,11137
2016-10-15,11394
2016-10-16,10850
2016-10-17,10498
2016-10-18,12016
2016-10-19,12971
2016-10-20,11647
2016-10-21,10858
2016-10-22,10467
2016-10-23,11358
2016-10-24,11894
2016-10-25,20375
2016-10-26,35512
2016-10-27,18374
2016-10-28,17404
2016-10-29,17231
2016-10-30,15284
2016-10-31,15189
2016-11-01,14513
2016-11-02,22735
2016-11-03,31620
2016-11-04,26618
2016-11-05,18925
2016-11-06,32437
2016-11-07,18943
2016-11-08,16141
2016-11-09,12080
2016-11-10,13154
2016-11-11,14017
2016-11-12,19809
2016-11-13,13482
2016-11-14,12700
2016-11-15,14006
2016-11-16,19198
2016-11-17,16712
2016-11-18,12951
2016-11-19,12704
2016-11-20,12090
2016-11-21,11309
2016-11-22,11675
2016-11-23,11717
2016-11-24,14677
2016-11-25,11251
2016-11-26,18867
2016-11-27,17211
2016-11-28,13938
2016-11-29,13568
2016-11-30,13228
2016-12-01,14324
2016-12-02,16461
2016-12-03,19898
2016-12-04,11246
2016-12-05,11682
2016-12-06,15273
2016-12-07,13512
2016-12-08,19233
2016-12-09,12242
2016-12-10,21808
2016-12-11,21910
2016-12-12,15461
2016-12-13,15094
2016-12-14,15584
2016-12-15,13661
2016-12-16,12059
2016-12-17,11875
2016-12-18,13148
2016-12-19,14163
2016-12-20,12148
2016-12-21,31752
2016-12-22,19656
2016-12-23,16977
2016-12-24,15210
2016-12-25,43259
2016-12-26,25718
2016-12-27,20835
2016-12-28,19266
2016-12-29,22462
2016-12-30,44191
2016-12-31,23240
2017-01-01,17399
2017-01-02,15908
2017-01-03,18030
2017-01-04,15909
2017-01-05,22599
2017-01-06,17553
2017-01-07,18318
2017-01-08,15319
2017-01-09,15671
2017-01-10,14256
2017-01-11,14706
2017-01-12,16084
2017-01-13,14900
2017-01-14,15661
2017-01-15,13264
2017-01-16,13916
2017-01-17,28965
2017-01-18,18367
2017-01-19,17426
2017-01-20,19949
2017-01-21,14936
2017-01-22,24227
2017-01-23,14589
2017-01-24,16955
2017-01-25,15805
2017-01-26,17597
2017-01-27,17584
2017-01-28,14562
2017-01-29,18267
2017-01-30,16046
2017-01-31,22712
2017-02-01,19771
2017-02-02,19809
2017-02-03,15513
2017-02-04,14287
2017-02-05,25653
2017-02-06,20116
2017-02-07,28525
2017-02-08,19667
2017-02-09,19809
2017-02-10,18753
2017-02-11,14209
2017-02-12,20948
2017-02-13,16523
2017-02-14,15352
2017-02-15,19937
2017-02-16,24320
2017-02-17,17752
2017-02-18,18568
2017-02-19,22584
2017-02-20,41971
2017-02-21,18672
2017-02-22,16520
2017-02-23,18375
2017-02-24,21748
2017-02-25,16795
2017-02-26,19076
2017-02-27,15366
2017-02-28,19050
2017-03-01,16962
2017-03-02,20436
2017-03-03,15700
2017-03-04,18131
2017-03-05,14755
2017-03-06,16691
2017-03-07,22583
2017-03-08,31836
2017-03-09,17131
2017-03-10,16143
2017-03-11,13937
2017-03-12,16519
2017-03-13,18204
2017-03-14,16286
2017-03-15,17556
2017-03-16,16476
2017-03-17,15866
2017-03-18,14527
2017-03-19,16298
2017-03-20,17230
2017-03-21,16937
2017-03-22,23123
2017-03-23,18384
2017-03-24,15404
2017-03-25,17875
2017-03-26,18631
2017-03-27,15902
2017-03-28,23482
2017-03-29,15796
2017-03-30,17744
2017-03-31,35497
2017-04-01,17812
2017-04-02,16315
2017-04-03,17372
2017-04-04,16743
2017-04-05,18796
2017-04-06,25073
2017-04-07,15895
2017-04-08,13698
2017-04-09,14334
2017-04-10,16593
2017-04-11,15954
2017-04-12,14805
2017-04-13,20732
2017-04-14,18554
2017-04-15,30567
2017-04-16,26770
2017-04-17,23233
2017-04-18,27008
2017-04-19,19270
2017-04-20,20322
2017-04-21,47730
2017-04-22,22476
2017-04-23,35361
2017-04-24,28634
2017-04-25,23977
2017-04-26,22537
2017-04-27,20293
2017-04-28,17715
2017-04-29,15930
2017-04-30,16373
2017-05-01,21917
2017-05-02,37288
2017-05-03,26682
2017-05-04,51204
2017-05-05,35955
2017-05-06,46347
2017-05-07,50666
2017-05-08,45677
2017-05-09,35880
2017-05-10,26789
2017-05-11,29360
2017-05-12,32110
2017-05-13,24202
2017-05-14,23708
2017-05-15,22602
2017-05-16,33139
2017-05-17,35133
2017-05-18,82687
2017-05-19,39829
2017-05-20,72809
2017-05-21,44914
2017-05-22,51735
2017-05-23,38988
2017-05-24,53518
2017-05-25,34593
2017-05-26,146515
2017-05-27,51587
2017-05-28,38714
2017-05-29,40178
2017-05-30,36688
2017-05-31,48069
2017-06-01,76221
2017-06-02,154308
2017-06-03,38338
2017-06-04,36404
2017-06-05,154061
2017-06-06,46449
2017-06-07,42120
2017-06-08,168433
2017-06-09,69505
2017-06-10,168023
2017-06-11,43818
2017-06-12,43664
2017-06-13,330801
2017-06-14,82886
2017-06-15,63572
2017-06-16,45710
2017-06-17,31851
2017-06-18,30634
2017-06-19,29539
2017-06-20,29289
2017-06-21,27347
2017-06-22,22671
2017-06-23,28384
2017-06-24,18512
2017-06-25,17159
2017-06-26,19696
2017-06-27,21604
2017-06-28,18243
2017-06-29,15600
2017-06-30,13651
2017-07-01,18676
2017-07-02,15892
2017-07-03,15774
2017-07-04,16667
2017-07-05,17003
2017-07-06,16381
2017-07-07,14854
2017-07-08,14572
2017-07-09,14550
2017-07-10,12659
2017-07-11,12462
2017-07-12,11248
2017-07-13,13257
2017-07-14,14331
2017-07-15,10920
2017-07-16,11004
2017-07-17,11325
2017-07-18,11734
2017-07-19,12736
2017-07-20,12575
2017-07-21,16057
2017-07-22,18411
2017-07-23,13833
2017-07-24,16071
2017-07-25,19726
2017-07-26,14195
2017-07-27,12552
2017-07-28,12296
2017-07-29,11369
2017-07-30,10800
2017-07-31,11975
2017-08-01,11731
2017-08-02,13731
2017-08-03,13298
2017-08-04,12304
2017-08-05,10411
2017-08-06,9203
2017-08-07,9791
2017-08-08,9517
2017-08-09,9672
2017-08-10,10322
2017-08-11,9274
2017-08-12,8527
2017-08-13,8871
2017-08-14,9208
2017-08-15,9428
2017-08-16,11946
2017-08-17,11831
2017-08-18,10588
2017-08-19,8526
2017-08-20,8937
2017-08-21,9405
2017-08-22,10730
2017-08-23,25443
2017-08-24,14995
2017-08-25,12020
2017-08-26,11146
2017-08-27,13533
2017-08-28,9909
2017-08-29,9419
2017-08-30,9785
2017-08-31,10447
2017-09-01,9347
2017-09-02,10436
2017-09-03,10606
2017-09-04,9314
2017-09-05,9834
2017-09-06,8135
2017-09-07,8821
2017-09-08,9131
2017-09-09,9228
2017-09-10,8630
2017-09-11,8408
2017-09-12,8974
2017-09-13,10369
2017-09-14,11580
2017-09-15,12865
2017-09-16,12096
2017-09-17,10511
2017-09-18,10473
2017-09-19,10184
2017-09-20,9780
2017-09-21,10134
2017-09-22,9403
2017-09-23,15613
2017-09-24,19425
2017-09-25,22062
2017-09-26,28529
2017-09-27,31932
2017-09-28,23371
2017-09-29,17070
2017-09-30,14300
2017-10-01,12005
2017-10-02,10766
2017-10-03,11902
2017-10-04,11718
2017-10-05,12315
2017-10-06,11600
2017-10-07,11520
2017-10-08,10069
2017-10-09,10146
2017-10-10,10474
2017-10-11,14726
2017-10-12,11837
2017-10-13,11491
2017-10-14,10655
2017-10-15,10287
2017-10-16,13282
2017-10-17,29538
2017-10-18,45266
2017-10-19,20971
2017-10-20,18936
2017-10-21,20589
2017-10-22,15266
2017-10-23,14723
2017-10-24,19692
2017-10-25,23723
2017-10-26,21920
2017-10-27,14977
2017-10-28,12087
2017-10-29,14631
2017-10-30,14057
2017-10-31,12987
2017-11-01,13019
2017-11-02,15438
2017-11-03,14649
2017-11-04,44190
2017-11-05,18272
2017-11-06,16347
2017-11-07,17024
2017-11-08,20296
2017-11-09,17435
2017-11-10,20247
2017-11-11,13985
2017-11-12,18022
2017-11-13,15225
2017-11-14,22928
2017-11-15,16653
2017-11-16,25249
2017-11-17,17842
2017-11-18,21746
2017-11-19,14693
2017-11-20,13898
2017-11-21,15836
2017-11-22,13614
2017-11-23,17122
2017-11-24,12167
2017-11-25,17880
2017-11-26,13787
2017-11-27,14190
2017-11-28,20703
2017-11-29,24067
2017-11-30,17072
2017-12-01,20878
2017-12-02,14673
2017-12-03,18667
2017-12-04,14773
2017-12-05,16854
2017-12-06,14871
2017-12-07,24042
2017-12-08,17314
2017-12-09,16734
2017-12-10,17117
2017-12-11,15200
2017-12-12,15136
2017-12-13,20753
2017-12-14,19259
2017-12-15,29080
2017-12-16,17706
2017-12-17,23827
2017-12-18,24202
2017-12-19,26718
2017-12-20,21935
2017-12-21,17091
2017-12-22,20678
2017-12-23,17345
2017-12-24,13866
2017-12-25,41805
2017-12-26,23275
2017-12-27,15911
2017-12-28,18505
2017-12-29,18106
2017-12-30,48771
2017-12-31,36222
2018-01-01,16954
2018-01-02,16293
2018-01-03,18741
2018-01-04,24061
2018-01-05,15162
2018-01-06,13819
2018-01-07,15740
2018-01-08,13163
2018-01-09,15842
2018-01-10,13717
2018-01-11,26330
2018-01-12,24999
2018-01-13,18579
2018-01-14,14264
2018-01-15,13541
2018-01-16,30804
2018-01-17,15700
2018-01-18,17102
2018-01-19,22905
2018-01-20,26486
2018-01-21,23918
2018-01-22,15197
2018-01-23,21347
2018-01-24,65484
2018-01-25,28012
2018-01-26,23310
2018-01-27,19810
2018-01-28,22233
2018-01-29,17043
2018-01-30,17684
2018-01-31,18991
2018-02-01,28039
2018-02-02,22859
2018-02-03,18083
2018-02-04,24355
2018-02-05,17722
2018-02-06,19677
2018-02-07,20590
2018-02-08,40199
2018-02-09,33886
2018-02-10,26906
2018-02-11,31000
2018-02-12,26434
2018-02-13,20798
2018-02-14,26185
2018-02-15,20128
2018-02-16,25039
2018-02-17,25569
2018-02-18,31060
2018-02-19,99426
2018-02-20,34656
2018-02-21,23762
2018-02-22,21789
2018-02-23,22394
2018-02-24,19925
2018-02-25,26270
2018-02-26,22789
2018-02-27,19739
2018-02-28,34278
2018-03-01,24474
2018-03-02,27858
2018-03-03,17687
2018-03-04,19147
2018-03-05,21095
2018-03-06,19591
2018-03-07,18814
2018-03-08,26513
2018-03-09,20775
2018-03-10,18186
2018-03-11,18061
2018-03-12,26571
2018-03-13,19096
2018-03-14,22002
2018-03-15,17496
2018-03-16,22632
2018-03-17,15245
2018-03-18,18548
2018-03-19,19594
2018-03-20,28085
2018-03-21,20012
2018-03-22,29508
2018-03-23,17857
2018-03-24,16881
2018-03-25,20195
2018-03-26,21944
2018-03-27,18454
2018-03-28,25268
2018-03-29,27408
2018-03-30,18711
2018-03-31,35096
2018-04-01,22687
2018-04-02,19889
2018-04-03,21200
2018-04-04,22098
2018-04-05,18804
2018-04-06,21632
2018-04-07,28423
2018-04-08,17955
2018-04-09,17795
2018-04-10,22730
2018-04-11,22004
2018-04-12,27672
2018-04-13,22228
2018-04-14,20405
2018-04-15,40686
2018-04-16,26620
2018-04-17,25726
2018-04-18,21018
2018-04-19,35613
2018-04-20,22937
2018-04-21,29915
2018-04-22,20812
2018-04-23,39234
2018-04-24,19783
2018-04-25,26033
2018-04-26,58754
2018-04-27,22102
2018-04-28,30915
2018-04-29,70024
2018-04-30,45577
2018-05-01,31318
2018-05-02,53167
2018-05-03,31383
2018-05-04,57264
2018-05-05,28143
2018-05-06,109442
2018-05-07,47791
2018-05-08,80028
2018-05-09,42707
2018-05-10,41219
2018-05-11,36298
2018-05-12,29846
2018-05-13,48511
2018-05-14,37339
2018-05-15,36458
2018-05-16,74500
2018-05-17,34441
2018-05-18,23541
2018-05-19,20175
2018-05-20,51270
2018-05-21,33125
2018-05-22,80606
2018-05-23,38443
2018-05-24,64591
2018-05-25,44139
2018-05-26,136539
2018-05-27,55654
2018-05-28,407561
2018-05-29,177975
2018-05-30,82426
2018-05-31,84087
2018-06-01,235920
2018-06-02,79396
2018-06-03,72925
2018-06-04,166010
2018-06-05,62126
2018-06-06,57926
2018-06-07,177318
2018-06-08,74294
2018-06-09,372953
2018-06-10,105001
2018-06-11,82501
2018-06-12,80266
2018-06-13,54335
2018-06-14,43937
2018-06-15,37043
2018-06-16,31302
2018-06-17,30122
2018-06-18,28142
2018-06-19,23677
2018-06-20,23813
2018-06-21,23576
2018-06-22,27190
2018-06-23,21520
2018-06-24,27136
2018-06-25,32310
2018-06-26,39287
2018-06-27,26781
2018-06-28,26333
2018-06-29,50297
2018-06-30,45394
2018-07-01,55269
2018-07-02,639147
2018-07-03,163152
2018-07-04,88640
2018-07-05,68418
2018-07-06,61114
2018-07-07,52249
2018-07-08,47584
2018-07-09,43429
2018-07-10,65230
2018-07-11,39064
2018-07-12,30484
2018-07-13,26914
2018-07-14,22816
2018-07-15,22184
2018-07-16,26051
2018-07-17,21822
2018-07-18,22993
2018-07-19,25296
2018-07-20,27008
2018-07-21,20950
2018-07-22,22610
2018-07-23,21922
2018-07-24,19220
2018-07-25,17498
2018-07-26,20706
2018-07-27,29590
2018-07-28,19750
2018-07-29,20874
2018-07-30,33508
2018-07-31,60281
2018-08-01,42382
2018-08-02,28069
2018-08-03,20063
2018-08-04,51025
2018-08-05,49760
2018-08-06,36031
2018-08-07,32057
2018-08-08,22211
2018-08-09,22596
2018-08-10,18658
2018-08-11,15968
2018-08-12,14363
2018-08-13,14897
2018-08-14,14333
2018-08-15,13701
2018-08-16,14835
2018-08-17,13996
2018-08-18,12374
2018-08-19,12930
2018-08-20,12393
2018-08-21,11916
2018-08-22,12304
2018-08-23,12859
2018-08-24,13579
2018-08-25,11137
2018-08-26,10648
2018-08-27,12154
2018-08-28,12841
2018-08-29,13734
2018-08-30,16582
2018-08-31,14977
2018-09-01,11720
2018-09-02,11385
2018-09-03,12043
2018-09-04,11697
2018-09-05,13027
2018-09-06,13948
2018-09-07,16493
2018-09-08,13966
2018-09-09,13106
2018-09-10,11675
2018-09-11,11785
2018-09-12,15525
2018-09-13,14092
2018-09-14,14091
2018-09-15,17825
2018-09-16,16123
2018-09-17,18192
2018-09-18,14090
2018-09-19,15726
2018-09-20,17897
2018-09-21,17237
2018-09-22,14350
2018-09-23,15098
2018-09-24,18223
2018-09-25,26947
2018-09-26,19262
2018-09-27,17562
2018-09-28,16268
2018-09-29,15475
2018-09-30,16716
2018-10-01,27039
2018-10-02,15470
2018-10-03,22382
2018-10-04,17206
2018-10-05,16992
2018-10-06,16459
2018-10-07,15306
2018-10-08,13281
2018-10-09,14931
2018-10-10,14768
2018-10-11,26076
2018-10-12,16166
2018-10-13,20802
2018-10-14,19576
2018-10-15,18289
2018-10-16,23326
2018-10-17,25990
2018-10-18,32160
2018-10-19,56062
2018-10-20,29801
2018-10-21,67505
2018-10-22,25450
2018-10-23,31247
2018-10-24,20172
2018-10-25,26025
2018-10-26,30936
2018-10-27,18200
2018-10-28,36871
2018-10-29,25847
2018-10-30,28114
2018-10-31,18691
2018-11-01,24830
2018-11-02,20162
2018-11-03,19398
2018-11-04,21343
2018-11-05,21373
2018-11-06,17670
2018-11-07,21356
2018-11-08,27679
2018-11-09,19668
2018-11-10,17912
2018-11-11,20754
2018-11-12,24718
2018-11-13,20786
2018-11-14,25435
2018-11-15,62833
2018-11-16,32788
2018-11-17,24149
2018-11-18,21867
2018-11-19,34153
2018-11-20,26236
2018-11-21,27377
2018-11-22,62911
2018-11-23,21656
2018-11-24,24480
2018-11-25,21164
2018-11-26,18641
2018-11-27,17124
2018-11-28,23986
2018-11-29,22336
2018-11-30,22309
2018-12-01,20336
2018-12-02,19564
2018-12-03,21007
2018-12-04,19802
2018-12-05,25769
2018-12-06,30293
2018-12-07,20127
2018-12-08,20114
2018-12-09,20468
2018-12-10,20028
2018-12-11,47146
2018-12-12,25628
2018-12-13,21415
2018-12-14,20659
2018-12-15,16078
2018-12-16,19357
2018-12-17,16123
2018-12-18,16647
2018-12-19,24877
2018-12-20,20624
2018-12-21,17926
2018-12-22,29142
2018-12-23,19757
2018-12-24,19504
2018-12-25,37998
2018-12-26,64634
2018-12-27,26699
2018-12-28,22028
2018-12-29,21788
2018-12-30,47522
2018-12-31,46341
2019-01-01,24334
2019-01-02,21061
2019-01-03,22498
2019-01-04,21294
2019-01-05,20372
2019-01-06,19231
2019-01-07,15664
2019-01-08,16094
2019-01-09,16828
2019-01-10,18345
2019-01-11,16287
2019-01-12,19055
2019-01-13,18755
2019-01-14,16910
2019-01-15,15949
2019-01-16,16264
2019-01-17,19544
2019-01-18,18103
2019-01-19,17032
2019-01-20,21069
2019-01-21,16434
2019-01-22,19769
2019-01-23,14843
2019-01-24,17181
2019-01-25,24247
2019-01-26,17151
2019-01-27,17996
2019-01-28,21421
2019-01-29,21375
2019-01-30,20675
2019-01-31,20005
2019-02-01,27731
2019-02-02,21540
2019-02-03,29357
2019-02-04,23904
2019-02-05,22052
2019-02-06,34264
2019-02-07,26306
2019-02-08,33113
2019-02-09,24748
2019-02-10,34971
2019-02-11,24272
2019-02-12,21533
2019-02-13,25826
2019-02-14,22539
2019-02-15,21190
2019-02-16,20611
2019-02-17,25633
2019-02-18,57110
2019-02-19,26288
2019-02-20,21823
2019-02-21,28352
2019-02-22,35338
2019-02-23,21087
2019-02-24,23367
2019-02-25,18593
2019-02-26,29235
2019-02-27,21630
2019-02-28,25961
2019-03-01,22345
2019-03-02,26118
2019-03-03,26993
2019-03-04,22041
2019-03-05,32389
2019-03-06,25210
2019-03-07,91271
2019-03-08,38714
2019-03-09,26281
2019-03-10,30730
2019-03-11,20129
2019-03-12,17282
2019-03-13,19103
2019-03-14,18116
2019-03-15,23229
2019-03-16,20087
2019-03-17,23107
2019-03-18,20615
2019-03-19,21292
2019-03-20,18441
2019-03-21,16803
2019-03-22,16843
2019-03-23,30647
2019-03-24,23211
2019-03-25,19468
2019-03-26,16193
2019-03-27,22931
2019-03-28,18459
2019-03-29,16672
2019-03-30,21941
2019-03-31,23556
2019-04-01,18177
2019-04-02,16191
2019-04-03,15878
2019-04-04,15083
2019-04-05,16970
2019-04-06,15865
2019-04-07,15069
2019-04-08,15943
2019-04-09,18483
2019-04-10,32571
2019-04-11,34055
2019-04-12,20531
2019-04-13,19872
2019-04-14,21278
2019-04-15,19195
2019-04-16,18011
2019-04-17,15067
2019-04-18,13277
2019-04-19,14562
2019-04-20,13801
2019-04-21,16216
2019-04-22,14059
2019-04-23,13644
2019-04-24,14360
2019-04-25,14455
2019-04-26,11097
2019-04-27,13918
2019-04-28,16760
2019-04-29,12244
2019-04-30,12997
2019-05-01,14665
2019-05-02,13392
2019-05-03,14387
2019-05-04,14414
2019-05-05,18673
2019-05-06,15436
2019-05-07,19769
2019-05-08,15827
2019-05-09,20240
2019-05-10,16964
2019-05-11,20934
2019-05-12,19039
2019-05-13,21927
2019-05-14,18864
2019-05-15,25941
2019-05-16,17971
2019-05-17,18256
2019-05-18,18589
2019-05-19,18392
2019-05-20,17278
2019-05-21,24709
2019-05-22,20822
2019-05-23,27949
2019-05-24,27555
2019-05-25,17130
2019-05-26,28991
2019-05-27,26209
2019-05-28,28227
2019-05-29,29951
2019-05-30,30357
2019-05-31,33953
2019-06-01,18082
2019-06-02,17873
2019-06-03,24588
2019-06-04,15279
2019-06-05,16293
2019-06-06,28433
2019-06-07,18575
2019-06-08,32280
2019-06-09,20081
2019-06-10,23484
2019-06-11,37482
2019-06-12,21217
2019-06-13,21064
2019-06-14,67880
2019-06-15,40280
2019-06-16,59541
2019-06-17,40900
2019-06-18,32172
2019-06-19,28148
2019-06-20,28398
2019-06-21,33768
2019-06-22,21745
2019-06-23,20318
2019-06-24,19240
2019-06-25,26881
2019-06-26,22068
2019-06-27,29874
2019-06-28,35538
2019-06-29,24579
2019-06-30,24463
2019-07-01,31960
2019-07-02,27404
2019-07-03,26602
2019-07-04,21912
2019-07-05,22026
2019-07-06,39227
2019-07-07,32390
2019-07-08,38089
2019-07-09,29905
2019-07-10,27245
2019-07-11,24027
2019-07-12,26014
2019-07-13,21022
2019-07-14,19450
2019-07-15,17346
2019-07-16,18927
2019-07-17,22338
2019-07-18,17692
2019-07-19,17407
2019-07-20,18584
2019-07-21,15258
2019-07-22,14947
2019-07-23,14253
2019-07-24,15486
2019-07-25,16343
2019-07-26,13935
2019-07-27,12528
2019-07-28,18567
2019-07-29,15668
2019-07-30,16153
2019-07-31,14253
2019-08-01,12435
2019-08-02,14500
2019-08-03,12847
2019-08-04,12120
2019-08-05,11208
2019-08-06,12252
2019-08-07,16099
2019-08-08,11727
2019-08-09,10616
2019-08-10,10125
2019-08-11,9792
2019-08-12,10189
2019-08-13,10858
2019-08-14,11446
2019-08-15,11156
2019-08-16,10920
2019-08-17,9604
2019-08-18,9396
2019-08-19,9362
2019-08-20,9246
2019-08-21,9630
2019-08-22,9507
2019-08-23,9696
2019-08-24,11613
2019-08-25,11153
2019-08-26,10437
2019-08-27,12106
2019-08-28,12310
2019-08-29,10938
2019-08-30,9888
2019-08-31,10418
2019-09-01,10297
2019-09-02,10380
2019-09-03,10141
2019-09-04,9778
2019-09-05,9742
2019-09-06,10192
2019-09-07,9682
2019-09-08,9789
2019-09-09,10372
2019-09-10,10137
2019-09-11,11269
2019-09-12,12062
2019-09-13,10703
2019-09-14,9486
2019-09-15,10491
2019-09-16,9793
2019-09-17,9686
2019-09-18,10222
2019-09-19,10508
2019-09-20,9071
2019-09-21,8509
2019-09-22,8609
2019-09-23,10882
2019-09-24,10689
2019-09-25,9790
2019-09-26,14471
2019-09-27,14669
2019-09-28,15765
2019-09-29,13054
2019-09-30,12244
2019-10-01,12646
2019-10-02,11360
2019-10-03,10707
2019-10-04,10347
2019-10-05,9264
2019-10-06,14431
2019-10-07,11579
2019-10-08,11292
2019-10-09,10508
2019-10-10,11247
2019-10-11,10572
2019-10-12,11360
2019-10-13,9573
2019-10-14,9419
2019-10-15,31689
2019-10-16,49812
2019-10-17,31149
2019-10-18,18549
2019-10-19,15413
2019-10-20,12432
2019-10-21,14196
2019-10-22,19301
2019-10-23,32598
2019-10-24,18139
2019-10-25,15745
2019-10-26,19903
2019-10-27,13640
2019-10-28,18863
2019-10-29,16451
2019-10-30,18576
2019-10-31,13649
2019-11-01,11933
2019-11-02,30535
2019-11-03,14309
2019-11-04,17831
2019-11-05,13948
2019-11-06,24701
2019-11-07,16923
2019-11-08,14811
2019-11-09,20569
2019-11-10,13101
2019-11-11,14743
2019-11-12,13302
2019-11-13,14843
2019-11-14,20528
2019-11-15,16007
2019-11-16,28145
2019-11-17,16897
2019-11-18,23657
2019-11-19,17839
2019-11-20,25093
2019-11-21,19173
2019-11-22,16489
2019-11-23,21595
2019-11-24,19167
2019-11-25,16113
2019-11-26,20019
2019-11-27,15082
2019-11-28,28540
2019-11-29,16905
2019-11-30,19829
2019-12-01,17536
2019-12-02,15090
2019-12-03,14403
2019-12-04,16624
2019-12-05,18656
2019-12-06,15131
2019-12-07,21734
2019-12-08,15863
2019-12-09,18165
2019-12-10,15086
2019-12-11,14907
2019-12-12,18474
2019-12-13,15716
2019-12-14,25578
2019-12-15,38658
2019-12-16,34694
2019-12-17,21693
2019-12-18,20537
2019-12-19,22102
2019-12-20,24007
2019-12-21,14640
2019-12-22,14393
2019-12-23,13316
2019-12-24,13320
2019-12-25,20522
2019-12-26,43212
2019-12-27,17285
2019-12-28,15020
2019-12-29,19724
2019-12-30,41115
2019-12-31,29109
2020-01-01,20054
2020-01-02,21428
2020-01-03,16570
2020-01-04,22893
2020-01-05,17559
2020-01-06,16357
2020-01-07,14970
2020-01-08,16488
2020-01-09,14153
2020-01-10,13691
2020-01-11,22955
2020-01-12,14245
2020-01-13,12153
2020-01-14,16411
2020-01-15,13285
2020-01-16,15363
2020-01-17,12541
2020-01-18,12616
2020-01-19,20571
2020-01-20,14088
2020-01-21,26032
2020-01-22,16961
2020-01-23,26310
2020-01-24,35721
2020-01-25,22030
2020-01-26,152762
2020-01-27,231247
2020-01-28,153790
2020-01-29,92778
2020-01-30,64012
2020-01-31,56542
2020-02-01,144467
2020-02-02,65560
2020-02-03,37997
2020-02-04,36618
2020-02-05,44547
2020-02-06,34067
2020-02-07,36643
2020-02-08,30214
2020-02-09,35026
2020-02-10,23534
2020-02-11,24832
2020-02-12,23362
2020-02-13,30217
2020-02-14,23254
2020-02-15,22437
2020-02-16,25890
2020-02-17,50959
2020-02-18,23509
2020-02-19,21213
2020-02-20,18991
2020-02-21,18017
2020-02-22,19408
2020-02-23,27052
2020-02-24,27821
2020-02-25,24717
2020-02-26,30785
2020-02-27,22878
2020-02-28,19517
2020-02-29,18272
2020-03-01,21272
2020-03-02,35977
2020-03-03,19298
2020-03-04,20811
2020-03-05,19378
2020-03-06,25238
2020-03-07,38357
2020-03-08,33038
2020-03-09,29943
2020-03-10,22598
2020-03-11,19589
2020-03-12,14906
2020-03-13,11438
2020-03-14,13534
2020-03-15,15262
2020-03-16,12558
2020-03-17,12698
2020-03-18,13967
2020-03-19,12848
2020-03-20,15975
2020-03-21,18147
2020-03-22,22067
2020-03-23,17885
2020-03-24,17665
2020-03-25,15935
2020-03-26,16046
2020-03-27,16402
2020-03-28,17619
2020-03-29,16713
2020-03-30,16034
2020-03-31,16224
2020-04-01,15179
2020-04-02,18043
2020-04-03,16833
2020-04-04,17073
2020-04-05,18406
2020-04-06,16770
2020-04-07,14519
2020-04-08,14419
2020-04-09,21269
2020-04-10,16057
2020-04-11,16730
2020-04-12,16570
2020-04-13,14899
2020-04-14,14284
2020-04-15,16166
2020-04-16,16627
2020-04-17,15734
2020-04-18,15695
2020-04-19,19035
2020-04-20,45417
2020-04-21,34603
2020-04-22,28042
2020-04-23,25723
2020-04-24,21916
2020-04-25,21895
2020-04-26,26555
2020-04-27,42844
2020-04-28,36673
2020-04-29,30647
2020-04-30,32912
2020-05-01,29901
2020-05-02,25381
2020-05-03,29995
2020-05-04,46997
2020-05-05,37338
2020-05-06,33063
2020-05-07,30695
2020-05-08,26280
2020-05-09,27399
2020-05-10,33192
2020-05-11,43671
2020-05-12,39118
2020-05-13,39696
2020-05-14,37892
2020-05-15,32637
2020-05-16,33221
2020-05-17,44528
2020-05-18,74058
2020-05-19,72390
2020-05-20,58356
2020-05-21,53104
2020-05-22,45930
2020-05-23,44081
2020-05-24,43468
2020-05-25,39380
2020-05-26,35383
2020-05-27,33367
2020-05-28,29561
2020-05-29,26127
2020-05-30,25746
2020-05-31,26119
2020-06-01,22167
2020-06-02,19629
2020-06-03,20311
2020-06-04,22906
2020-06-05,20484
2020-06-06,20718
2020-06-07,21983
2020-06-08,19613
2020-06-09,19581
2020-06-10,20537
2020-06-11,19072
2020-06-12,19144
2020-06-13,21377
2020-06-14,19767
2020-06-15,17671
2020-06-16,16287
2020-06-17,15422
2020-06-18,15099
2020-06-19,14737
2020-06-20,14971
2020-06-21,17544
2020-06-22,16574
2020-06-23,14817
2020-06-24,14229
2020-06-25,15265
2020-06-26,16592
2020-06-27,15619
2020-06-28,17360
2020-06-29,19633
2020-06-30,15983
2020-07-01,14142
2020-07-02,16521
2020-07-03,14604
2020-07-04,15967
2020-07-05,13859
2020-07-06,13184
2020-07-07,13862
2020-07-08,16604
2020-07-09,15275
2020-07-10,15000
2020-07-11,14740
2020-07-12,15168
2020-07-13,13453
2020-07-14,13390
2020-07-15,12539
2020-07-16,11445
2020-07-17,11339
2020-07-18,12090
2020-07-19,16357
2020-07-20,16687
2020-07-21,18923
2020-07-22,16829
2020-07-23,17324
2020-07-24,20729
2020-07-25,18096
2020-07-26,19118
2020-07-27,16618
2020-07-28,16463
2020-07-29,17535
2020-07-30,17904
2020-07-31,38293
2020-08-01,20887
2020-08-02,24425
2020-08-03,17030
2020-08-04,22158
2020-08-05,18717
2020-08-06,20446
2020-08-07,16927
2020-08-08,15767
2020-08-09,18228
2020-08-10,15313
2020-08-11,18813
2020-08-12,15269
2020-08-13,16164
2020-08-14,18600
2020-08-15,17943
2020-08-16,19362
2020-08-17,18679
2020-08-18,21005
2020-08-19,40631
2020-08-20,20777
2020-08-21,31293
2020-08-22,18913
2020-08-23,43550
2020-08-24,24756
2020-08-25,39023
2020-08-26,24616
2020-08-27,28375
2020-08-28,23116
2020-08-29,20386
2020-08-30,42484
2020-08-31,22904
2020-09-01,21023
2020-09-02,18556
2020-09-03,24535
2020-09-04,20349
2020-09-05,33843
2020-09-06,21223
2020-09-07,44090
2020-09-08,22924
2020-09-09,54076
2020-09-10,28231
2020-09-11,30638
2020-09-12,25710
2020-09-13,48948
2020-09-14,24146
2020-09-15,23764
2020-09-16,51341
2020-09-17,41869
2020-09-18,43338
2020-09-19,72662
2020-09-20,37124
2020-09-21,42351
2020-09-22,27497
2020-09-23,33409
2020-09-24,28524
2020-09-25,46127
2020-09-26,26525
2020-09-27,136525
2020-09-28,84316
2020-09-29,47170
2020-09-30,50924
2020-10-01,113166
2020-10-02,38730
2020-10-03,89015
2020-10-04,39723
2020-10-05,49335
2020-10-06,30671
2020-10-07,98747
2020-10-08,43822
2020-10-09,47809
2020-10-10,104984
2020-10-11,39834
2020-10-12,677464
2020-10-13,155475
2020-10-14,84379
2020-10-15,62435
2020-10-16,45959
2020-10-17,36620
2020-10-18,33001
2020-10-19,29275
2020-10-20,26211
2020-10-21,24005
2020-10-22,23238
2020-10-23,20762
2020-10-24,19010
2020-10-25,18412
2020-10-26,18386
2020-10-27,18353
2020-10-28,18824
2020-10-29,20096
2020-10-30,17540
2020-10-31,15331
2020-11-01,14620
2020-11-02,16566
2020-11-03,15914
2020-11-04,12996
2020-11-05,13668
2020-11-06,13198
2020-11-07,12705
2020-11-08,12232
2020-11-09,13027
2020-11-10,12816
2020-11-11,13311
2020-11-12,13468
2020-11-13,13051
2020-11-14,12171
2020-11-15,15308
2020-11-16,15337
2020-11-17,16539
2020-11-18,16507
2020-11-19,20845
2020-11-20,15714
2020-11-21,18499
2020-11-22,17080
2020-11-23,18445
2020-11-24,16621
2020-11-25,15278
2020-11-26,19824
2020-11-27,15853
2020-11-28,15096
2020-11-29,14439
2020-11-30,14599
2020-12-01,18185
2020-12-02,34732
2020-12-03,40797
2020-12-04,26538
2020-12-05,18055
2020-12-06,18495
2020-12-07,16794
2020-12-08,21925
2020-12-09,17030
2020-12-10,18400
2020-12-11,19657
2020-12-12,17281
2020-12-13,15530
2020-12-14,17471
2020-12-15,18079
2020-12-16,18212
2020-12-17,18476
2020-12-18,14580
2020-12-19,16674
2020-12-20,13675
2020-12-21,15086
2020-12-22,19458
2020-12-23,38800
2020-12-24,18399
2020-12-25,20544
2020-12-26,34035
2020-12-27,20209
2020-12-28,21423
2020-12-29,21875
2020-12-30,39287
2020-12-31,36407
2021-01-01,19224
2021-01-02,22047
2021-01-03,18055
2021-01-04,19802
2021-01-05,16429
2021-01-06,19133
2021-01-07,15099
2021-01-08,16380
2021-01-09,18188
2021-01-10,15956
2021-01-11,18228
2021-01-12,16097
2021-01-13,23707
2021-01-14,29238
2021-01-15,25692
2021-01-16,28795
2021-01-17,25511
2021-01-18,21538
2021-01-19,24418
2021-01-20,16986
2021-01-21,18549
2021-01-22,25542
2021-01-23,17285
2021-01-24,21374
2021-01-25,27175
2021-01-26,38778
2021-01-27,23045
2021-01-28,24863
2021-01-29,18823
2021-01-30,17089
2021-01-31,24462
2021-02-01,18443
2021-02-02,24363
2021-02-03,21987
2021-02-04,19139
2021-02-05,30297
2021-02-06,20734
2021-02-07,24179
2021-02-08,38232
2021-02-09,30242
2021-02-10,23587
2021-02-11,23457
2021-02-12,20023
2021-02-13,24438
2021-02-14,19557
2021-02-15,21491
2021-02-16,19063
2021-02-17,23381
2021-02-18,21749
2021-02-19,43196
2021-02-20,21492
2021-02-21,23819
2021-02-22,18845
2021-02-23,20648
2021-02-24,23392
2021-02-25,22787
2021-02-26,19903
2021-02-27,26634
2021-02-28,20751
2021-03-01,24857
2021-03-02,19757
2021-03-03,20019
2021-03-04,23483
2021-03-05,24323
2021-03-06,20530
2021-03-07,22151
2021-03-08,45546
2021-03-09,23224
2021-03-10,19005
2021-03-11,19213
2021-03-12,18133
2021-03-13,17792
2021-03-14,18806
2021-03-15,17624
2021-03-16,25294
2021-03-17,27999
2021-03-18,20576
2021-03-19,22413
2021-03-20,20617
2021-03-21,31231
2021-03-22,22018
2021-03-23,17183
2021-03-24,17343
2021-03-25,16998
2021-03-26,16314
2021-03-27,15862
2021-03-28,21242
2021-03-29,18722
2021-03-30,17555
2021-03-31,16721
2021-04-01,19436
2021-04-02,19756
2021-04-03,32518
2021-04-04,33089
2021-04-05,24348
2021-04-06,21988
2021-04-07,20166
2021-04-08,19270
2021-04-09,18800
2021-04-10,15796
2021-04-11,18446
2021-04-12,16279
2021-04-13,17875
2021-04-14,15673
2021-04-15,16734
2021-04-16,16862
2021-04-17,16096
2021-04-18,16373
2021-04-19,16660
2021-04-20,18386
2021-04-21,17226
2021-04-22,25184
2021-04-23,24457
2021-04-24,21730
2021-04-25,25168
2021-04-26,23658
2021-04-27,27561
2021-04-28,25250
2021-04-29,18814
2021-04-30,16259
2021-05-01,18623
2021-05-02,19127
2021-05-03,21054
2021-05-04,20166
2021-05-05,16572
2021-05-06,15229
2021-05-07,15777
2021-05-08,14607
2021-05-09,15165
2021-05-10,17324
2021-05-11,17102
2021-05-12,16214
2021-05-13,15205
2021-05-14,15926
2021-05-15,16635
2021-05-16,20739
2021-05-17,29077
2021-05-18,23575
2021-05-19,20979
2021-05-20,47809
2021-05-21,23648
2021-05-22,25463
2021-05-23,30418
2021-05-24,23691
2021-05-25,20459
2021-05-26,30711
2021-05-27,20158
2021-05-28,30833
2021-05-29,22609
2021-05-30,29677
2021-05-31,24675
2021-06-01,20239
2021-06-02,35021
2021-06-03,25580
2021-06-04,91292
2021-06-05,36347
2021-06-06,27411
2021-06-07,21918
2021-06-08,24155
2021-06-09,29327
2021-06-10,28641
2021-06-11,21565
2021-06-12,22171
2021-06-13,19526
2021-06-14,24195
2021-06-15,21308
2021-06-16,35104
2021-06-17,18479
2021-06-18,17318
2021-06-19,16863
2021-06-20,25571
2021-06-21,21645
2021-06-22,17737
2021-06-23,18210
2021-06-24,17618
2021-06-25,16799
2021-06-26,16780
2021-06-27,18497
2021-06-28,17546
2021-06-29,16973
2021-06-30,17059
2021-07-01,22604
2021-07-02,17412
2021-07-03,19185
2021-07-04,19712
2021-07-05,20190
2021-07-06,19852
2021-07-07,23507
2021-07-08,21804
2021-07-09,24675
2021-07-10,20222
2021-07-11,19822
2021-07-12,25573
2021-07-13,29113
2021-07-14,31490
2021-07-15,29804
2021-07-16,50789
2021-07-17,92075
2021-07-18,86869
2021-07-19,59659
2021-07-20,45759
2021-07-21,77228
2021-07-22,50390
2021-07-23,42686
2021-07-24,40242
2021-07-25,47900
2021-07-26,34864
2021-07-27,28879
2021-07-28,27351
2021-07-29,26766
2021-07-30,37627
2021-07-31,32754
2021-08-01,30637
2021-08-02,25025
2021-08-03,35138
2021-08-04,32522
2021-08-05,28507
2021-08-06,23501
2021-08-07,44068
2021-08-08,30658
2021-08-09,24213
2021-08-10,23303
2021-08-11,21836
2021-08-12,20661
2021-08-13,18980
2021-08-14,20419
2021-08-15,20596
2021-08-16,17579
2021-08-17,15742
2021-08-18,16686
2021-08-19,17610
2021-08-20,18769
2021-08-21,17734
2021-08-22,16221
2021-08-23,16232
2021-08-24,15680
2021-08-25,14837
2021-08-26,14372
2021-08-27,14735
2021-08-28,15202
2021-08-29,16233
2021-08-30,16086
2021-08-31,14749
2021-09-01,13984
2021-09-02,13798
2021-09-03,12804
2021-09-04,13360
2021-09-05,12787
2021-09-06,14040
2021-09-07,14039
2021-09-08,12510
2021-09-09,12121
2021-09-10,12288
2021-09-11,11919
2021-09-12,13218
2021-09-13,11347
2021-09-14,14287
2021-09-15,14856
2021-09-16,12644
2021-09-17,11762
2021-09-18,11721
2021-09-19,12522
2021-09-20,12430
2021-09-21,12292
2021-09-22,11901
2021-09-23,11334
2021-09-24,10934
2021-09-25,10469
2021-09-26,10255
2021-09-27,10920
2021-09-28,19419
2021-09-29,16254
2021-09-30,13046
2021-10-01,11611
2021-10-02,10400
2021-10-03,11227
2021-10-04,11286
2021-10-05,11474
2021-10-06,13225
2021-10-07,12984
2021-10-08,11594
2021-10-09,13324
2021-10-10,12613
2021-10-11,12633
2021-10-12,11581
2021-10-13,13385
2021-10-14,11927
2021-10-15,12576
2021-10-16,11446
